Workbook

Sheet Podsumowanie_Budzetu
B2: MODELOWY ZESTAW DANYCH ANITYCZNYCH: BUDŻET PAŃSTWA
B3: Model danych do zasilenia aplikacji Streamlit / Power BI / Dash na podstawie sprawozdawczości Ministerstwa Finansów
B5: 1. Ogólne Podsumowanie Wykonania Budżetu Państwa (2022 - 2025)
B6: Rok | C6: Łączne Dochody Plan (mld PLN) | D6: Łączne Dochody Wykonanie (mld PLN) | E6: Łączne Wydatki Plan (mld PLN) | F6: Łączne Wydatki Wykonanie (mld PLN) | G6: Wynik Budżetu Plan (mld PLN) | H6: Wynik Budżetu Wykonanie (mld PLN) | I6: Wskaźnik Wykonania Dochodów | J6: Wskaźnik Wykonania Wydatków
B7: 2022 | C7: =SUMIFS(Dane_Szczegolowe!G:G, Dane_Szczegolowe!A:A, 2022, Dane_Szczegolowe!B:B, "Dochody") | D7: =SUMIFS(Dane_Szczegolowe!H:H, Dane_Szczegolowe!A:A, 2022, Dane_Szczegolowe!B:B, "Dochody") | E7: =SUMIFS(Dane_Szczegolowe!G:G, Dane_Szczegolowe!A:A, 2022, Dane_Szczegolowe!B:B, "Wydatki") | F7: =SUMIFS(Dane_Szczegolowe!H:H, Dane_Szczegolowe!A:A, 2022, Dane_Szczegolowe!B:B, "Wydatki") | G7: =C7-E7 | H7: =D7-F7 | I7: =D7/C7 | J7: =F7/E7
B8: 2023 | C8: =SUMIFS(Dane_Szczegolowe!G:G, Dane_Szczegolowe!A:A, 2023, Dane_Szczegolowe!B:B, "Dochody") | D8: =SUMIFS(Dane_Szczegolowe!H:H, Dane_Szczegolowe!A:A, 2023, Dane_Szczegolowe!B:B, "Dochody") | E8: =SUMIFS(Dane_Szczegolowe!G:G, Dane_Szczegolowe!A:A, 2023, Dane_Szczegolowe!B:B, "Wydatki") | F8: =SUMIFS(Dane_Szczegolowe!H:H, Dane_Szczegolowe!A:A, 2023, Dane_Szczegolowe!B:B, "Wydatki") | G8: =C8-E8 | H8: =D8-F8 | I8: =D8/C8 | J8: =F8/E8
B9: 2024 | C9: =SUMIFS(Dane_Szczegolowe!G:G, Dane_Szczegolowe!A:A, 2024, Dane_Szczegolowe!B:B, "Dochody") | D9: =SUMIFS(Dane_Szczegolowe!H:H, Dane_Szczegolowe!A:A, 2024, Dane_Szczegolowe!B:B, "Dochody") | E9: =SUMIFS(Dane_Szczegolowe!G:G, Dane_Szczegolowe!A:A, 2024, Dane_Szczegolowe!B:B, "Wydatki") | F9: =SUMIFS(Dane_Szczegolowe!H:H, Dane_Szczegolowe!A:A, 2024, Dane_Szczegolowe!B:B, "Wydatki") | G9: =C9-E9 | H9: =D9-F9 | I9: =D9/C9 | J9: =F9/E9
B10: 2025 | C10: =SUMIFS(Dane_Szczegolowe!G:G, Dane_Szczegolowe!A:A, 2025, Dane_Szczegolowe!B:B, "Dochody") | D10: =SUMIFS(Dane_Szczegolowe!H:H, Dane_Szczegolowe!A:A, 2025, Dane_Szczegolowe!B:B, "Dochody") | E10: =SUMIFS(Dane_Szczegolowe!G:G, Dane_Szczegolowe!A:A, 2025, Dane_Szczegolowe!B:B, "Wydatki") | F10: =SUMIFS(Dane_Szczegolowe!H:H, Dane_Szczegolowe!A:A, 2025, Dane_Szczegolowe!B:B, "Wydatki") | G10: =C10-E10 | H10: =D10-F10 | I10: =D10/C10 | J10: =F10/E10

Sheet Dane_Szczegolowe
A1: Rok | B1: Typ_Pozycji | C1: Kategoria_Główna | D1: Kod_Działu | E1: Nazwa_Kategorii_Szczegółowa | F1: Część_Budżetowa | G1: Plan_mld_PLN | H1: Wykonanie_mld_PLN | I1: Procent_Wykonania | J1: Odchylenie_mld_PLN | K1: Źródło_Sprawozdawcze
A2: 2022 | B2: Dochody | C2: Podatki pośrednie (VAT/Akcyza) | D2: Podatki | E2: Podatek od towarów i usług (VAT) | F2: 01 - Dochody podatkowe | G2: 233.1 | H2: 230.8 | I2: =H2/G2 | J2: =H2-G2 | K2: Rb-27 / Sprawozdanie MF
A3: 2022 | B3: Dochody | C3: Podatki pośrednie (VAT/Akcyza) | D3: Podatki | E3: Podatek akcyzowy | F3: 01 - Dochody podatkowe | G3: 79.2 | H3: 80.1 | I3: =H3/G3 | J3: =H3-G3 | K3: Rb-27 / Sprawozdanie MF
A4: 2022 | B4: Dochody | C4: Podatki dochodowe (PIT/CIT) | D4: Podatki | E4: Podatek dochodowy od osób prawnych (CIT) | F4: 01 - Dochody podatkowe | G4: 53.8 | H4: 70.1 | I4: =H4/G4 | J4: =H4-G4 | K4: Rb-27 / Sprawozdanie MF
A5: 2022 | B5: Dochody | C5: Podatki dochodowe (PIT/CIT) | D5: Podatki | E5: Podatek dochodowy od osób fizycznych (PIT) | F5: 01 - Dochody podatkowe | G5: 68.3 | H5: 68.1 | I5: =H5/G5 | J5: =H5-G5 | K5: Rb-27 / Sprawozdanie MF
A6: 2022 | B6: Dochody | C6: Dochody niepodatkowe i Cła | D6: Cła/Inne | E6: Cła oraz dochody niepodatkowe i UE | F6: 02 - Inne dochody | G6: 57.6 | H6: 55.7 | I6: =H6/G6 | J6: =H6-G6 | K6: Rb-27 / Sprawozdanie MF
A7: 2022 | B7: Wydatki | C7: Obrona i Bezpieczeństwo | D7: 752 | E7: Obrona narodowa | F7: 29 - Obrona narodowa | G7: 57.1 | H7: 57.5 | I7: =H7/G7 | J7: =H7-G7 | K7: Rb-28 / Sprawozdanie MF
A8: 2022 | B8: Wydatki | C8: Obrona i Bezpieczeństwo | D8: 750 | E8: Administracja i Bezpieczeństwo Publiczne | F8: 42 - Sprawy wewnętrzne | G8: 38.2 | H8: 37.9 | I8: =H8/G8 | J8: =H8-G8 | K8: Rb-28 / Sprawozdanie MF
A9: 2022 | B9: Wydatki | C9: Polityka Społeczna i Rodzina | D9: 855 | E9: Rodzina (np. 500+, świadczenia) | F9: 85 - Rodzina | G9: 62.4 | H9: 62.2 | I9: =H9/G9 | J9: =H9-G9 | K9: Rb-28 / Sprawozdanie MF
A10: 2022 | B10: Wydatki | C10: Polityka Społeczna i Rodzina | D10: 851 | E10: Ochrona zdrowia (dotacja FUS/NFZ) | F10: 46 - Zdrowie | G10: 31.5 | H10: 31.2 | I10: =H10/G10 | J10: =H10-G10 | K10: Rb-28 / Sprawozdanie MF
A11: 2022 | B11: Wydatki | C11: Edukacja i Nauka | D11: 801 | E11: Oświata i wychowanie oraz szkolnictwo wyższe | F11: 44 - Oświata / 28 - Nauka | G11: 34.2 | H11: 34 | I11: =H11/G11 | J11: =H11-G11 | K11: Rb-28 / Sprawozdanie MF
A12: 2022 | B12: Wydatki | C12: Obsługa Długu Publicznego | D12: 757 | E12: Obsługa długu publicznego | F12: 79 - Obsługa długu | G12: 26 | H12: 32.7 | I12: =H12/G12 | J12: =H12-G12 | K12: Rb-28 / Sprawozdanie MF
A13: 2022 | B13: Wydatki | C13: Subwencje dla Samorządów | D13: 758 | E13: Różne rozliczenia (ogólna subwencja JST) | F13: 82 - Subwencje JST | G13: 76.5 | H13: 76.5 | I13: =H13/G13 | J13: =H13-G13 | K13: Rb-28 / Sprawozdanie MF
... A57: 2025 | B57: Wydatki | C57: Pozostałe Wydatki | D57: Inne | E57: Kultura, Rolnictwo, Środowisko, Wymiar sprawiedliwości | F57: Różne części | G57: 311.3 | H57: 305 | I57: =H57/G57 | J57: =H57-G57 | K57: Projekt Ustawy Budżetowej 2025

Sheet Slownik_i_Metodologia
B2: SŁOWNIK SPRAWOZDAŃ I STRUKTURA DANYCH BUDŻETOWYCH
B4: 1. Oficjalne Raporty i Sprawozdania Finansowe
B5: Symbol Raportu | C5: Pełna Nazwa Sprawozdania | D5: Częstotliwość | E5: Zakres Danych | F5: Główny Użytkownik / Zastosowanie w Aplikacji
B6: Rb-27 | C6: Sprawozdanie z wykonania planu dochodów budżetowych | D6: Miesięczna / Roczna | E6: Należności, dochody wykonane, zaległości, skutki ulg i zwolnień wg działów/rozdziałów/paragrafów | F6: Analiza źródeł dochodów państwa (VAT, PIT, CIT, Akcyza, Cła)
B7: Rb-28 | C7: Sprawozdanie z wykonania planu wydatków budżetowych | D7: Miesięczna / Roczna | E7: Plan po zmianach, zaangażowanie, wydatki wykonane, zobowiązania ogółem i wymagalne | F7: Analiza struktury wydatków państwa wg resortów (części) i działów
B8: Rb-NDS | C8: Sprawozdanie o nadwyżce / deficycie | D8: Kwartalna / Roczna | E8: Łączne dochody, wydatki, deficyt/nadwyżka oraz źródła finansowania deficytu | F8: Główny widok dashboardu – bilans budżetowy i wskaźniki makro
B9: Rb-Z | C9: Sprawozdanie o stanie zobowiązań wg tytułów dłużnych | D9: Kwartalna | E9: Zobowiązania z tytułu papierów wartościowych, kredytów, pożyczek, przyjętych depozytów | F9: Analiza Państwowego Długu Publicznego (PDP) oraz długu sektora instytucji rządowych
B10: Ustawa Budżetowa | C10: Ustawa Budżetowa na dany rok budżetowy (Załączniki nr 1 i 2) | D10: Roczna (uchwalana w IV kw.) | E10: Pierwotny plan dochodów i wydatków państwa w układzie tradycyjnym i zadaniowym | F10: Podstawa do wyznaczenia punktu odniesienia (Plan) do wykonania budżetu
B11: Sprawozdanie RM | C11: Sprawozdanie Rady Ministrów z wykonania budżetu państwa | D11: Roczna (do 31 maja kolejnego roku) | E11: Kompleksowe sprawozdanie z wykonania budżetu centralnego, środków UE i układu zadaniowego | F11: Weryfikacja ostatecznych danych rocznych po audycie NIK
